product_description,category
wireless bluetooth headphones,Electronics
sony noise cancelling earbuds,Electronics
apple airpods pro,Electronics
gaming laptop 16gb ram,Electronics
dell xps 15 ultrabook,Electronics
samsung 4k smart tv 55 inch,Electronics
logitech wireless mouse,Electronics
mechanical keyboard rgb,Electronics
portable bluetooth speaker,Electronics
usb-c charging cable,Electronics
iphone 14 pro max,Electronics
samsung galaxy s23 ultra,Electronics
canon dslr camera,Electronics
gopro action camera,Electronics
fitbit smartwatch,Electronics
playstation 5 console,Electronics
nintendo switch gaming,Electronics
bose soundbar,Electronics
jbl wireless earbuds,Electronics
macbook air m2,Electronics
ipad pro 12.9 inch,Electronics
kindle e-reader,Electronics
smart home speaker alexa,Electronics
ring video doorbell,Electronics
garmin fitness tracker,Electronics
drone with 4k camera,Electronics
graphics card rtx 4090,Electronics
external hard drive 2tb,Electronics
wireless router wifi 6,Electronics
usb microphone streaming,Electronics
webcam 1080p hd,Electronics
power bank 20000mah,Electronics
wireless charging pad,Electronics
smart light bulbs philips,Electronics
security camera outdoor,Electronics
tablet android 10 inch,Electronics
electric toothbrush,Electronics
hair dryer professional,Electronics
electric shaver men,Electronics
air fryer digital,Electronics
instant pot pressure cooker,Electronics
coffee maker programmable,Electronics
blender smoothie maker,Electronics
vacuum cleaner robot,Electronics
cotton t-shirt men,Clothing
levi's blue jeans,Clothing
nike running shoes,Clothing
adidas sneakers white,Clothing
leather jacket brown,Clothing
winter coat women,Clothing
formal dress shirt,Clothing
yoga pants women,Clothing
hooded sweatshirt,Clothing
polo shirt lacoste,Clothing
athletic shorts men,Clothing
sports bra women,Clothing
wool sweater cashmere,Clothing
denim jacket vintage,Clothing
chino pants khaki,Clothing
business suit men,Clothing
evening gown dress,Clothing
tank top fitness,Clothing
cardigan sweater women,Clothing
rain jacket waterproof,Clothing
ski jacket insulated,Clothing
leather boots ankle,Clothing
sandals summer women,Clothing
high heels pumps,Clothing
oxford shoes men,Clothing
baseball cap adjustable,Clothing
beanie winter hat,Clothing
silk scarf designer,Clothing
leather belt men,Clothing
tie formal silk,Clothing
socks cotton pack,Clothing
underwear boxer briefs,Clothing
swimsuit one piece,Clothing
bikini two piece,Clothing
bathrobe terry cloth,Clothing
pajamas flannel,Clothing
maternity dress,Clothing
baby onesie cotton,Clothing
kids sneakers velcro,Clothing
school uniform shirt,Clothing
wedding dress white,Clothing
tuxedo rental black,Clothing
compression leggings,Clothing
cycling jersey,Clothing
golf polo shirt,Clothing
python programming guide,Books
harry potter complete series,Books
clean code robert martin,Books
cookbook jamie oliver,Books
autobiography nelson mandela,Books
science fiction dune,Books
mystery thriller novel,Books
romance novel bestseller,Books
history world war 2,Books
biology textbook college,Books
dictionary oxford english,Books
atlas world geography,Books
children's picture book,Books
graphic novel manga,Books
poetry collection,Books
self-help book,Books
business strategy book,Books
finance investing guide,Books
medical handbook,Books
law textbook,Books
art history renaissance,Books
photography techniques,Books
gardening complete guide,Books
travel guide lonely planet,Books
language learning spanish,Books
mathematics calculus,Books
physics quantum mechanics,Books
chemistry organic,Books
computer science algorithms,Books
philosophy critical thinking,Books
psychology behavioral,Books
sociology introduction,Books
economics principles,Books
political science theory,Books
religion world religions,Books
music theory basics,Books
drama shakespeare plays,Books
biography steve jobs,Books
memoir becoming michelle obama,Books
encyclopedia britannica,Books
reference manual technical,Books
lego city building set,Toys
barbie doll house,Toys
hot wheels race track,Toys
puzzle 1000 pieces,Toys
board game monopoly,Toys
chess set wooden,Toys
playing cards deck,Toys
stuffed teddy bear,Toys
action figure superhero,Toys
remote control car,Toys
drone toy for kids,Toys
nerf gun blaster,Toys
water gun summer,Toys
bubble machine outdoor,Toys
play-doh modeling clay,Toys
crayola markers set,Toys
coloring book kids,Toys
building blocks mega,Toys
train set electric,Toys
doll accessories,Toys
baby rattle teether,Toys
soft plush toy,Toys
musical instrument toy,Toys
science kit experiment,Toys
magic tricks set,Toys
yo-yo professional,Toys
kite flying outdoor,Toys
jump rope exercise,Toys
hula hoop fitness,Toys
frisbee flying disc,Toys
soccer ball official,Toys
basketball spalding,Toys
tennis racket wilson,Toys
badminton set complete,Toys
table tennis paddle,Toys
dart board electronic,Toys
playing cards magic,Toys
rubik's cube 3x3,Toys
fidget spinner toy,Toys
slime kit diy,Toys
wooden blocks alphabet,Toys
shape sorter baby,Toys
stacking rings toddler,Toys
pull along duck,Toys
xylophone musical toy,Toys
robot toy walking,Toys
dinosaur figure realistic,Toys
farm animals playset,Toys
kitchen play set,Toys
tool bench pretend play,Toys